{
  "balanced": {
    "distribution": [
      0.125,
      0.1171875,
      0.14453125,
      0.1171875,
      0.12890625,
      0.125,
      0.125,
      0.1171875
    ],
    "gini": 0.0341796875,
    "std": 0.008513474836945534
  },
  "round_robin": {
    "distribution": [
      0.125,
      0.125,
      0.125,
      0.125,
      0.125,
      0.125,
      0.125,
      0.125
    ],
    "gini": 0.0,
    "std": 0.0
  },
  "random": {
    "distribution": [
      0.11328125,
      0.13671875,
      0.1484375,
      0.08984375,
      0.12109375,
      0.125,
      0.125,
      0.140625
    ],
    "gini": 0.07421875,
    "std": 0.017026949673891068
  },
  "load_aware": {
    "distribution": [
      0.125,
      0.12109375,
      0.125,
      0.1171875,
      0.13671875,
      0.125,
      0.1328125,
      0.1171875
    ],
    "gini": 0.0283203125,
    "std": 0.006477782968431711
  }
}