{
  "balanced": {
    "gini": 0.0,
    "variance": 0.0,
    "cv": 0.0,
    "entropy": 1.1920928955078125e-07
  },
  "moderate_imbalance": {
    "gini": 0.3678571581840515,
    "variance": 0.007028061896562576,
    "cv": 0.7169746160507202,
    "entropy": 0.10668975114822388
  },
  "high_imbalance": {
    "gini": 0.6499999761581421,
    "variance": 0.031165113672614098,
    "cv": 1.5098031759262085,
    "entropy": 0.37479066848754883
  }
}