{
  "imbalance_0.0": {
    "overall_max_time": 0.0003203496,
    "overall_avg_time": 0.0002122152,
    "overall_load_imbalance": 0.4748083667859952,
    "per_gpu_metrics": [
      {
        "max_comm_time": 0.0003105192,
        "avg_comm_time": 0.0002122152,
        "min_comm_time": 0.0001237416,
        "load_imbalance": 0.4632276749131661,
        "data_per_gpu": [
          385024.0,
          151552.0,
          184320.0,
          327680.0
        ],
        "comm_times": [
          0.0003105192,
          0.0001237416,
          0.000149956,
          0.000264644
        ]
      },
      {
        "max_comm_time": 0.0003170728,
        "avg_comm_time": 0.0002122152,
        "min_comm_time": 7.13128e-05,
        "load_imbalance": 0.49410951990737717,
        "data_per_gpu": [
          393216.0,
          86016.0,
          200704.0,
          368640.0
        ],
        "comm_times": [
          0.0003170728,
          7.13128e-05,
          0.0001630632,
          0.000297412
        ]
      },
      {
        "max_comm_time": 0.0003039656,
        "avg_comm_time": 0.0002122152,
        "min_comm_time": 0.000117188,
        "load_imbalance": 0.432345829918955,
        "data_per_gpu": [
          376832.0,
          143360.0,
          172032.0,
          356352.0
        ],
        "comm_times": [
          0.0003039656,
          0.000117188,
          0.00014012560000000002,
          0.0002875816
        ]
      },
      {
        "max_comm_time": 0.0003203496,
        "avg_comm_time": 0.0002122152,
        "min_comm_time": 0.0001139112,
        "load_imbalance": 0.5095504424044826,
        "data_per_gpu": [
          397312.0,
          139264.0,
          163840.0,
          348160.0
        ],
        "comm_times": [
          0.0003203496,
          0.0001139112,
          0.00013357200000000001,
          0.000281028
        ]
      }
    ],
    "total_data_per_expert": [
      483328.0,
      1069056.0,
      385024.0,
      135168.0,
      253952.0,
      466944.0,
      1265664.0,
      135168.0
    ]
  },
  "imbalance_0.3": {
    "overall_max_time": 0.0004972968,
    "overall_avg_time": 0.0002122152,
    "overall_load_imbalance": 1.2622954141383775,
    "per_gpu_metrics": [
      {
        "max_comm_time": 0.0004678056,
        "avg_comm_time": 0.0002122152,
        "min_comm_time": 8.11432e-05,
        "load_imbalance": 1.2043919547742317,
        "data_per_gpu": [
          98304.0,
          245760.0,
          122880.0,
          581632.0
        ],
        "comm_times": [
          8.11432e-05,
          0.000199108,
          0.00010080399999999999,
          0.0004678056
        ]
      },
      {
        "max_comm_time": 0.00047108240000000003,
        "avg_comm_time": 0.00021221520000000001,
        "min_comm_time": 6.148239999999999e-05,
        "load_imbalance": 1.2198328772713372,
        "data_per_gpu": [
          73728.0,
          262144.0,
          126976.0,
          585728.0
        ],
        "comm_times": [
          6.148239999999999e-05,
          0.00021221520000000001,
          0.0001040808,
          0.00047108240000000003
        ]
      },
      {
        "max_comm_time": 0.0004841896,
        "avg_comm_time": 0.0002122152,
        "min_comm_time": 5.82056e-05,
        "load_imbalance": 1.2815965672597593,
        "data_per_gpu": [
          69632.0,
          278528.0,
          98304.0,
          602112.0
        ],
        "comm_times": [
          5.82056e-05,
          0.0002253224,
          8.11432e-05,
          0.0004841896
        ]
      },
      {
        "max_comm_time": 0.0004972968,
        "avg_comm_time": 0.0002122152,
        "min_comm_time": 5.82056e-05,
        "load_imbalance": 1.3433602572481815,
        "data_per_gpu": [
          69632.0,
          262144.0,
          98304.0,
          618496.0
        ],
        "comm_times": [
          5.82056e-05,
          0.00021221520000000001,
          8.11432e-05,
          0.0004972968
        ]
      }
    ],
    "total_data_per_expert": [
      290816.0,
      20480.0,
      372736.0,
      675840.0,
      397312.0,
      49152.0,
      1835008.0,
      552960.0
    ]
  },
  "imbalance_0.6": {
    "overall_max_time": 0.0004907431999999999,
    "overall_avg_time": 0.0002122152,
    "overall_load_imbalance": 1.2661556447626539,
    "per_gpu_metrics": [
      {
        "max_comm_time": 0.0004841896,
        "avg_comm_time": 0.0002122152,
        "min_comm_time": 2.4999999999999998e-06,
        "load_imbalance": 1.2815965672597593,
        "data_per_gpu": [
          253952.0,
          0.0,
          192512.0,
          602112.0
        ],
        "comm_times": [
          0.0002056616,
          2.4999999999999998e-06,
          0.0001565096,
          0.0004841896
        ]
      },
      {
        "max_comm_time": 0.00047763600000000003,
        "avg_comm_time": 0.00021221520000000001,
        "min_comm_time": 2.4999999999999998e-06,
        "load_imbalance": 1.2507147222655481,
        "data_per_gpu": [
          266240.0,
          0.0,
          188416.0,
          593920.0
        ],
        "comm_times": [
          0.00021549200000000002,
          2.4999999999999998e-06,
          0.0001532328,
          0.00047763600000000003
        ]
      },
      {
        "max_comm_time": 0.0004907431999999999,
        "avg_comm_time": 0.0002122152,
        "min_comm_time": 2.4999999999999998e-06,
        "load_imbalance": 1.31247841225397,
        "data_per_gpu": [
          229376.0,
          0.0,
          208896.0,
          610304.0
        ],
        "comm_times": [
          0.0001860008,
          2.4999999999999998e-06,
          0.0001696168,
          0.0004907431999999999
        ]
      },
      {
        "max_comm_time": 0.00047108240000000003,
        "avg_comm_time": 0.0002122152,
        "min_comm_time": 2.4999999999999998e-06,
        "load_imbalance": 1.2198328772713374,
        "data_per_gpu": [
          286720.0,
          0.0,
          176128.0,
          585728.0
        ],
        "comm_times": [
          0.000231876,
          2.4999999999999998e-06,
          0.0001434024,
          0.00047108240000000003
        ]
      }
    ],
    "total_data_per_expert": [
      712704.0,
      323584.0,
      0.0,
      0.0,
      49152.0,
      716800.0,
      2072576.0,
      319488.0
    ]
  },
  "imbalance_0.9": {
    "overall_max_time": 0.00039899280000000003,
    "overall_avg_time": 0.00021221520000000001,
    "overall_load_imbalance": 0.8646916598379099,
    "per_gpu_metrics": [
      {
        "max_comm_time": 0.00039899280000000003,
        "avg_comm_time": 0.00021221520000000001,
        "min_comm_time": 6.8036e-05,
        "load_imbalance": 0.8801325823350155,
        "data_per_gpu": [
          151552.0,
          81920.0,
          495616.0,
          319488.0
        ],
        "comm_times": [
          0.0001237416,
          6.8036e-05,
          0.00039899280000000003,
          0.0002580904
        ]
      },
      {
        "max_comm_time": 0.000395716,
        "avg_comm_time": 0.00021221520000000001,
        "min_comm_time": 4.18216e-05,
        "load_imbalance": 0.8646916598379097,
        "data_per_gpu": [
          147456.0,
          49152.0,
          491520.0,
          360448.0
        ],
        "comm_times": [
          0.0001204648,
          4.18216e-05,
          0.000395716,
          0.0002908584
        ]
      },
      {
        "max_comm_time": 0.00039243920000000003,
        "avg_comm_time": 0.00021221520000000001,
        "min_comm_time": 6.47592e-05,
        "load_imbalance": 0.8492507373408044,
        "data_per_gpu": [
          163840.0,
          77824.0,
          487424.0,
          319488.0
        ],
        "comm_times": [
          0.00013357200000000001,
          6.47592e-05,
          0.00039243920000000003,
          0.0002580904
        ]
      },
      {
        "max_comm_time": 0.000395716,
        "avg_comm_time": 0.00021221520000000001,