{
  "model.layers.0.block_sparse_moe": {
    "expert_counts": [
      494,
      1309,
      53,
      5928,
      1481,
      0,
      499,
      232
    ],
    "expert_probs": [
      0.04940155672566945,
      0.1309890160781423,
      0.005373646537483408,
      0.5928922257832133,
      0.1481113440138103,
      1.873189702531411e-05,
      0.04994714938372763,
      0.023266329580928263
    ],
    "gini_coefficient": 0.6484395745918314,
    "std_deviation": 0.18409295003187656,
    "max_min_ratio": 31651.30898654258,
    "coefficient_of_variation": 1.4727435990768176,
    "total_assignments": 10000,
    "num_experts": 8
  },
  "model.layers.1.block_sparse_moe": {
    "expert_counts": [
      1009,
      1858,
      213,
      112,
      1367,
      974,
      4445,
      18
    ],
    "expert_probs": [
      0.10094619237600744,
      0.18580887826601306,
      0.021390663216889996,
      0.011267803377916151,
      0.13672568865218346,
      0.09747095644782965,
      0.4445637899207993,
      0.0018260277423609319
    ],
    "gini_coefficient": 0.5401687527404514,
    "std_deviation": 0.13515472422275826,
    "max_min_ratio": 243.45948052249196,
    "coefficient_of_variation": 1.0812377929170758,
    "total_assignments": 10000,
    "num_experts": 8
  },
  "model.layers.2.block_sparse_moe": {
    "expert_counts": [
      660,
      4211,
      27,
      914,
      1776,
      678,
      1663,
      66
    ],
    "expert_probs": [
      0.06603263500084437,
      0.4211513808259952,
      0.002749738974258179,
      0.09148791884957584,
      0.1776655572188316,
      0.0678406338491086,
      0.16637285243651975,
      0.006699282844866528
    ],
    "gini_coefficient": 0.5135388502674346,
    "std_deviation": 0.12698356343346,
    "max_min_ratio": 153.16048885096956,
    "coefficient_of_variation": 1.0158685066549853,
    "total_assignments": 10000,
    "num_experts": 8
  },
  "model.layers.3.block_sparse_moe": {
    "expert_counts": [
      15,
      3243,
      1062,
      2614,
      1343,
      591,
      482,
      646
    ],
    "expert_probs": [
      0.0015929700356359592,
      0.3243413477220607,
      0.10624665604753779,
      0.2614299726852073,
      0.13434575712194072,
      0.05914048356071957,
      0.04828734436148554,
      0.06461546846541238
    ],
    "gini_coefficient": 0.44902484921117136,
    "std_deviation": 0.1048135461057645,
    "max_min_ratio": 203.6079273969404,
    "coefficient_of_variation": 0.8385083681753093,
    "total_assignments": 10000,
    "num_experts": 8
  },
  "model.layers.4.block_sparse_moe": {
    "expert_counts": [
      3,
      5404,
      163,
      1334,
      1179,
      4,
      1839,
      71
    ],
    "expert_probs": [
      0.0003523501481943661,
      0.5404355454414378,
      0.016310868974384943,
      0.13340902857506556,
      0.11796921839322289,
      0.0004287429951469224,
      0.18397875048699278,
      0.007115494985554771
    ],
    "gini_coefficient": 0.647358919337413,
    "std_deviation": 0.17064233336417503,
    "max_min_ratio": 1533.8020853140388,
    "coefficient_of_variation": 1.3651386658212892,
    "total_assignments": 10000,
    "num_experts": 8
  },
  "model.layers.5.block_sparse_moe": {
    "expert_counts": [
      111,
      3175,
      1579,
      2797,
      1332,
      430,
      100,
      473
    ],
    "expert_probs": [
      0.011145701241058566,
      0.3175072560974376,
      0.15790453338720206,
      0.2797757496369659,
      0.13323417287782158,
      0.0430336455948311,
      0.010020531280843552,
      0.047378409883839664
    ],
    "gini_coefficient": 0.4907532177583487,
    "std_deviation": 0.11241205469483978,
    "max_min_ratio": 31.685670552803465,
    "coefficient_of_variation": 0.8992964368392811,
    "total_assignments": 10000,
    "num_experts": 8
  },
  "model.layers.6.block_sparse_moe": {
    "expert_counts": [
      736,
      2397,
      594,
      1892,
      713,
      527,
      3034,
      105
    ],
    "expert_probs": [
      0.07363392854657026,
      0.23975032335124247,
      0.05941152066073705,
      0.18921138505159735,
      0.07130124305052186,
      0.05275495173791106,
      0.30340852112800465,
      0.01052812647341527
    ],
    "gini_coefficient": 0.4221089874146766,
    "std_deviation": 0.09827726996496555,
    "max_min_ratio": 28.818851959297877,
    "coefficient_of_variation": 0.7862181590907499,
    "total_assignments": 10000,
    "num_experts": 8
  },
  "model.layers.7.block_sparse_moe": {
    "expert_counts": [
      102,
      2462,
      757,
      888,
      2520,
      2278,
      968,
      22
    ],
    "expert_probs": [
      0.010223453355744733,
      0.24620627173837753,
      0.07577238862221729,
      0.08888867958233933,
      0.2520431575972692,
      0.22784724382117238,
      0.09681419140227653,
      0.002204613880603095
    ],
    "gini_coefficient": 0.42411674691832857,
    "std_deviation": 0.0962955523797587,
    "max_min_ratio": 114.32530130663517,
    "coefficient_of_variation": 0.770364418421778,
    "total_assignments": 10000,
    "num_experts": 8
  }
}