{
  "block.1.layer.1.mlp.router": {
    "expert_counts": [
      14.0,
      13.0,
      20.0,
      12.0,
      41.0,
      53.0,
      14.0,
      43.0
    ],
    "expert_probs": [
      0.06666666666666667,
      0.06190476190476191,
      0.09523809523809523,
      0.05714285714285714,
      0.19523809523809524,
      0.2523809523809524,
      0.06666666666666667,
      0.20476190476190476
    ],
    "gini_coefficient": 0.3119047619047619,
    "std_deviation": 0.07399171063457301,
    "max_min_ratio": 4.4166666589375,
    "coefficient_of_variation": 0.5919336846030372,
    "total_assignments": 210,
    "num_experts": 8
  },
  "block.3.layer.1.mlp.router": {
    "expert_counts": [
      10.0,
      12.0,
      56.0,
      24.0,
      41.0,
      14.0,
      12.0,
      41.0
    ],
    "expert_probs": [
      0.047619047619047616,
      0.05714285714285714,
      0.26666666666666666,
      0.11428571428571428,
      0.19523809523809524,
      0.06666666666666667,
      0.05714285714285714,
      0.19523809523809524
    ],
    "gini_coefficient": 0.33571428571428574,
    "std_deviation": 0.07798300588172531,
    "max_min_ratio": 5.5999999882400004,
    "coefficient_of_variation": 0.6238640465547114,
    "total_assignments": 210,
    "num_experts": 8
  },
  "block.5.layer.1.mlp.router": {
    "expert_counts": [
      9.0,
      27.0,
      25.0,
      43.0,
      27.0,
      26.0,
      4.0,
      49.0
    ],
    "expert_probs": [
      0.04285714285714286,
      0.12857142857142856,
      0.11904761904761904,
      0.20476190476190476,
      0.12857142857142856,
      0.12380952380952381,
      0.01904761904761905,
      0.23333333333333334
    ],
    "gini_coefficient": 0.2928571428571428,
    "std_deviation": 0.06720657226796402,
    "max_min_ratio": 12.249999935687498,
    "coefficient_of_variation": 0.5376525777135901,
    "total_assignments": 210,
    "num_experts": 8
  },
  "block.7.layer.1.mlp.router": {
    "expert_counts": [
      27.0,
      12.0,
      15.0,
      63.0,
      9.0,
      16.0,
      27.0,
      41.0
    ],
    "expert_probs": [
      0.12857142857142856,
      0.05714285714285714,
      0.07142857142857142,
      0.3,
      0.04285714285714286,
      0.0761904761904762,
      0.12857142857142856,
      0.19523809523809524
    ],
    "gini_coefficient": 0.3392857142857144,
    "std_deviation": 0.08076834823801651,
    "max_min_ratio": 6.999999983666666,
    "coefficient_of_variation": 0.6461467853872146,
    "total_assignments": 210,
    "num_experts": 8
  },
  "block.9.layer.1.mlp.router": {
    "expert_counts": [
      9.0,
      15.0,
      28.0,
      38.0,
      55.0,
      25.0,
      32.0,
      8.0
    ],
    "expert_probs": [
      0.04285714285714286,
      0.07142857142857142,
      0.13333333333333333,
      0.18095238095238095,
      0.2619047619047619,
      0.11904761904761904,
      0.1523809523809524,
      0.0380952380952381
    ],
    "gini_coefficient": 0.3142857142857143,
    "std_deviation": 0.07062042833316139,
    "max_min_ratio": 6.874999981953125,
    "coefficient_of_variation": 0.5649634262133203,
    "total_assignments": 210,
    "num_experts": 8
  },
  "block.11.layer.1.mlp.router": {
    "expert_counts": [
      19.0,
      57.0,
      16.0,
      17.0,
      27.0,
      11.0,
      27.0,
      36.0
    ],
    "expert_probs": [
      0.09047619047619047,
      0.2714285714285714,
      0.0761904761904762,
      0.08095238095238096,
      0.12857142857142856,
      0.05238095238095238,
      0.12857142857142856,
      0.17142857142857143
    ],
    "gini_coefficient": 0.2738095238095237,
    "std_deviation": 0.06558432628971103,
    "max_min_ratio": 5.181818171925619,
    "coefficient_of_variation": 0.5246746098979487,
    "total_assignments": 210,
    "num_experts": 8
  },
  "block.1.layer.2.mlp.router": {
    "expert_counts": [
      42.0,
      53.0,
      4.0,
      29.0,
      32.0,
      16.0,
      25.0,
      9.0
    ],
    "expert_probs": [
      0.2,
      0.2523809523809524,
      0.01904761904761905,
      0.1380952380952381,
      0.1523809523809524,
      0.0761904761904762,
      0.11904761904761904,
      0.04285714285714286
    ],
    "gini_coefficient": 0.33333333333333326,
    "std_deviation": 0.07345344214715405,
    "max_min_ratio": 13.249999930437498,
    "coefficient_of_variation": 0.5876275367071303,
    "total_assignments": 210,
    "num_experts": 8
  },
  "block.3.layer.2.mlp.router": {
    "expert_counts": [
      11.0,
      76.0,
      6.0,
      26.0,
      40.0,
      14.0,
      23.0,
      14.0
    ],
    "expert_probs": [
      0.05238095238095238,
      0.3619047619047619,
      0.02857142857142857,
      0.12380952380952381,
      0.19047619047619047,
      0.06666666666666667,
      0.10952380952380952,
      0.06666666666666667
    ],
    "gini_coefficient": 0.40476190476190477,
    "std_deviation": 0.10126047998728939,
    "max_min_ratio": 12.666666622333333,
    "coefficient_of_variation": 0.810083839250248,
    "total_assignments": 210,
    "num_experts": 8
  },
  "block.5.layer.2.mlp.router": {
    "expert_counts": [
      25.0,
      67.0,
      27.0,
      53.0,
      4.0,
      11.0,
      9.0,
      14.0
    ],
    "expert_probs": [
      0.11904761904761904,
      0.319047619047619,
      0.12857142857142856,
      0.2523809523809524,
      0.01904761904761905,
      0.05238095238095238,
      0.04285714285714286,
      0.06666666666666667
    ],
    "gini_coefficient": 0.4285714285714285,
    "std_deviation": 0.10036074387709881,
    "max_min_ratio": 16.749999912062496,
    "coefficient_of_variation": 0.8028859503744817,
    "total_assignments": 210,
    "num_experts": 8
  },
  "block.7.layer.2.mlp.router": {
    "expert_counts": [
      8.0,
      4.0,
      8.0,
      30.0,
      2.0,
      2.0,
      3.0,
      153.0
    ],
    "expert_probs": [
      0.0380952380952381,
      0.01904761904761905,
      0.0380952380952381,
      0.14285714285714285,
      0.009523809523809525,
      0.009523809523809525,
      0.014285714285714285,
      0.7285714285714285
    ],
    "gini_coefficient": 0.7238095238095238,
    "std_deviation": 0.23180683861965548,
    "max_min_ratio": 76.49999919675,
    "coefficient_of_variation": 1.85445470747368,
    "total_assignments": 210,
    "num_experts": 8
  },
  "block.9.layer.2.mlp.router": {
    "expert_counts": [
      148.0,
      37.0,
      8.0,
      0.0,
      1.0,
      0.0,
      6.0,
      10.0
    ],
    "expert_probs": [
      0.7047619047619048,
      0.1761904761904762,
      0.0380952380952381,
      0.0,
      0.004761904761904762,
      0.0,
      0.02857142857142857,
      0.047619047619047616
    ],
    "gini_coefficient": 0.7440476190476191,
    "std_deviation": 0.22563528354213205,
    "max_min_ratio": 7047619047.619048,
    "coefficient_of_variation": 1.8050822668929905,
    "total_assignments": 210,
    "num_experts": 8
  },
  "block.11.layer.2.mlp.router": {
    "expert_counts": [
      32.0,
      32.0,
      24.0,
      22.0,
      8.0,
      1.0,
      3.0,
      88.0
    ],
    "expert_probs": [
      0.1523809523809524,
      0.1523809523809524,
      0.11428571428571428,
      0.10476190476190476,
      0.0380952380952381,
      0.004761904761904762,
      0.014285714285714285,
      0.41904761904761906
    ],
    "gini_coefficient": 0.49285714285714266,
    "std_deviation": 0.12387246568589018,
    "max_min_ratio": 87.99999815200005,
    "coefficient_of_variation": 0.9909797246943376,
    "total_assignments": 210,
    "num_experts": 8
  }
}